{
  "feature_names": [
    "centroid",
    "spread",
    "flatness",
    "rolloff",
    "zcr",
    "rms_energy",
    "peak_amplitude",
    "band_0",
    "band_1",
    "band_2",
    "band_3",
    "band_4",
    "band_5",
    "band_6",
    "band_7",
    "band_8",
    "band_9",
    "band_10",
    "band_11",
    "band_12",
    "band_13",
    "band_14",
    "band_15",
    "mfcc_0",
    "mfcc_1",
    "mfcc_2",
    "mfcc_3",
    "mfcc_4",
    "mfcc_5",
    "mfcc_6",
    "mfcc_7",
    "mfcc_8",
    "mfcc_9",
    "mfcc_10",
    "mfcc_11",
    "mfcc_12",
    "chroma_0",
    "chroma_1",
    "chroma_2",
    "chroma_3",
    "chroma_4",
    "chroma_5",
    "chroma_6",
    "chroma_7",
    "chroma_8",
    "chroma_9",
    "chroma_10",
    "chroma_11"
  ],
  "genres": [
    "blues",
    "classical",
    "country",
    "disco",
    "hip-hop",
    "jazz",
    "metal",
    "pop",
    "reggae",
    "rock"
  ],
  "num_features": 48,
  "num_genres": 10,
  "scaler_mean": [
    2064.953098864953,
    2302.0051427739986,
    0.004073880613675804,
    4282.081715041894,
    0.054610856228095646,
    0.1286352030980981,
    0.8421317497467468,
    26.736331955205205,
    23.991527278218218,
    17.38655729183183,
    13.60671074938939,
    9.933632058328326,
    7.492204776966967,
    5.799203118518519,
    4.302931065415416,
    3.24647774586987,
    2.6482775627287287,
    2.2301063499144145,
    1.6931575579649651,
    1.1056738874343344,
    0.7684486515129529,
    0.32926803388094095,
    3.203528512508509e-05,
    -216.42149822722723,
    172.6644585485486,
    -47.56180108677978,
    51.645700616997,
    0.8497569926330334,
    7.795996790044044,
    13.220107837415416,
    -9.755291732887587,
    14.76532305187888,
    -6.812702899893713,
    2.6433087275175176,
    4.088740136939941,
    -5.315293459219219,
    0.46227069851351354,
    0.440833525009009,
    0.4596124231381381,
    0.45230049496996994,
    0.46402399303703706,
    0.4550546686726727,
    0.4330101217317317,
    0.4546196718318318,
    0.4509176556496497,
    0.46901961641641643,
    0.4529461868518519,
    0.45115200714714715
  ],
  "scaler_scale": [
    664.634028802691,
    532.4797419079133,
    0.0021798668120544466,
    1474.004653419889,
    0.02260303666402458,
    0.06445793521370333,
    0.32246549920843953,
    21.750194228736795,
    16.802034939215183,
    11.380662259401792,
    7.804762551171848,
    5.425677013573079,
    4.030258443980563,
    3.2057001394359403,
    2.6712539900374774,
    2.0388129784234317,
    1.7813888874110173,
    1.6718911623773702,
    1.3391212714351697,
    0.9860016289603656,
    0.7085897879681093,
    0.47226983879485607,
    3.7017276175242473e-05,
    87.47086624988253,
    21.95470400209063,
    30.60137809690126,
    20.993733643558034,
    14.888155014311273,
    10.604093663229762,
    9.535123277619867,
    7.134007930157333,
    9.132990650078444,
    7.3403775370087585,
    8.702756470776638,
    6.747235639385816,
    5.0885113343547586,
    0.1115779028191679,
    0.11610344269972227,
    0.1154508633490534,
    0.11463299261225211,
    0.11407946830962236,
    0.11150874743969368,
    0.10987349626956829,
    0.10537662540739418,
    0.10815772600005759,
    0.10839337615762021,
    0.10726359605223264,
    0.11036864993596851
  ]
}